Epoch,AUC
10,0.8697631367440442
20,0.8986905194728076
30,0.909046661693089
40,0.9139703657738728
50,0.9169173496244959
