Epoch,AUC
10,0.9077761445588599
20,0.9341482593086432
30,0.941595178872295
40,0.9461406829626166
50,0.9490529633458828
