Epoch,AUC
10,0.9085807643595347
20,0.9343577168628816
30,0.9422809053843291
40,0.9463510891655108
50,0.9492903422624278
